start time,end time
2022-03-02 23:00:10,2022-03-03 01:01:45
2022-03-04 09:44:56,2022-03-04 11:25:43
2022-03-06 13:56:02,2022-03-06 15:19:40
2022-03-07 21:15:59,2022-03-07 22:25:21
2022-03-08 09:12:05,2022-03-08 11:26:25
2022-03-10 04:45:49,2022-03-10 05:29:55
2022-03-10 19:45:12,2022-03-10 20:35:06
2022-03-14 01:32:01,2022-03-14 01:34:05
2022-03-14 04:20:37,2022-03-14 05:37:51
2022-03-15 04:15:56,2022-03-15 10:45:52
2022-03-20 07:16:18,2022-03-20 08:59:47
2022-03-24 05:15:38,2022-03-24 06:58:12
2022-03-24 13:34:51,2022-03-24 14:25:51
