po number,vehicle number,arrival time,start time,end time,departure time
7007392288,สค.70-6119,2022-03-01 00:43:23,2022-03-01 00:43:23,2022-03-01 01:32:39,2022-03-01 01:32:39
7007392293,สค.70-4386,2022-03-01 01:01:15,2022-03-01 01:01:15,2022-03-01 01:50:17,2022-03-01 01:50:17
7007392331,สค.70-3937,2022-03-01 01:30:05,2022-03-01 01:32:39,2022-03-01 02:22:29,2022-03-01 02:22:29
7007392350,สค.70-6124,2022-03-01 01:50:11,2022-03-01 01:50:17,2022-03-01 02:38:19,2022-03-01 02:38:19
7007392373,สค.70-4335,2022-03-01 04:01:43,2022-03-01 04:01:43,2022-03-01 04:51:38,2022-03-01 04:51:38
7007392492,กท.61-7782,2022-03-01 08:07:00,2022-03-01 08:07:00,2022-03-01 08:44:13,2022-03-01 08:44:13
7007392575,สค.70-3935,2022-03-01 08:53:21,2022-03-01 08:53:21,2022-03-01 09:31:18,2022-03-01 09:31:18
7007392647,กท.79-8107,2022-03-01 08:57:50,2022-03-01 08:57:50,2022-03-01 09:47:32,2022-03-01 09:47:32
7007394516,กท.79-3156,2022-03-01 10:56:08,2022-03-01 10:56:08,2022-03-01 11:45:12,2022-03-01 11:45:12
7007395520,กท.61-7783,2022-03-01 11:16:00,2022-03-01 11:16:00,2022-03-01 12:05:45,2022-03-01 12:05:45
7007384120,กท.60-4208,2022-03-01 11:41:36,2022-03-01 11:45:12,2022-03-01 12:26:12,2022-03-01 12:26:12
7007397726,กท.61-6471,2022-03-01 12:19:35,2022-03-01 12:19:35,2022-03-01 13:07:57,2022-03-01 13:07:57
7007397298,นม.70-7501,2022-03-01 12:26:15,2022-03-01 12:26:15,2022-03-01 13:10:04,2022-03-01 13:10:04
7007384369,กท.60-4205,2022-03-01 12:41:47,2022-03-01 13:07:57,2022-03-01 13:55:53,2022-03-01 13:55:53
7007398752,กท.79-8105,2022-03-01 13:58:20,2022-03-01 13:58:20,2022-03-01 14:48:17,2022-03-01 14:48:17
7007400587,กท.78-4646,2022-03-01 17:54:10,2022-03-01 17:54:10,2022-03-01 18:44:05,2022-03-01 18:44:05
7007400632,กท.79-8107,2022-03-01 18:13:48,2022-03-01 18:13:48,2022-03-01 18:49:11,2022-03-01 18:49:11
7007400617,กท.61-7782,2022-03-01 18:42:48,2022-03-01 18:44:05,2022-03-01 19:33:44,2022-03-01 19:33:44
7007401317,สค.70-4333,2022-03-02 00:31:41,2022-03-02 00:31:41,2022-03-02 01:20:50,2022-03-02 01:20:50
7007401322,สค.70-2919,2022-03-02 00:38:23,2022-03-02 00:38:23,2022-03-02 01:27:05,2022-03-02 01:27:05
7007401318,สค.70-6119,2022-03-02 01:11:10,2022-03-02 01:20:50,2022-03-02 02:07:32,2022-03-02 02:07:32
7007401453,สค.70-4335,2022-03-02 06:47:07,2022-03-02 06:47:07,2022-03-02 07:34:54,2022-03-02 07:34:54
7007401491,กท.61-7782,2022-03-02 08:02:17,2022-03-02 08:02:17,2022-03-02 08:48:24,2022-03-02 08:48:24
7007401671,กท.79-8107,2022-03-02 09:31:26,2022-03-02 09:31:26,2022-03-02 10:19:07,2022-03-02 10:19:07
7007396684,กท.60-4207,2022-03-02 10:44:59,2022-03-02 10:44:59,2022-03-02 11:34:28,2022-03-02 11:34:28
7007396895,กท.60-4208,2022-03-02 10:56:49,2022-03-02 10:56:49,2022-03-02 11:35:10,2022-03-02 11:35:10
7007402340,กท.79-8105,2022-03-02 11:08:49,2022-03-02 11:34:28,2022-03-02 12:21:35,2022-03-02 12:21:35
7007402506,กท.61-7783,2022-03-02 11:49:52,2022-03-02 11:49:52,2022-03-02 12:38:16,2022-03-02 12:38:16
7007402510,กท.79-2898,2022-03-02 12:05:34,2022-03-02 12:21:35,2022-03-02 12:58:10,2022-03-02 12:58:10
7007402603,นม.70-5434,2022-03-02 12:14:42,2022-03-02 12:38:16,2022-03-02 13:23:44,2022-03-02 13:23:44
7007402768,กท.79-3156,2022-03-02 12:26:56,2022-03-02 12:58:10,2022-03-02 13:28:36,2022-03-02 13:28:36
7007402981,ชบ.71-4792,2022-03-02 12:55:27,2022-03-02 13:23:44,2022-03-02 14:03:03,2022-03-02 14:03:03
7007396995,กท.75-1033,2022-03-02 12:56:12,2022-03-02 13:28:36,2022-03-02 14:18:23,2022-03-02 14:18:23
7007403070,กท.61-6634,2022-03-02 13:26:14,2022-03-02 14:03:03,2022-03-02 14:50:21,2022-03-02 14:50:21
7007403150,นม.70-6737,2022-03-02 13:44:32,2022-03-02 14:18:23,2022-03-02 15:06:14,2022-03-02 15:06:14
7007403135,นม.70-7144,2022-03-02 13:50:45,2022-03-02 14:50:21,2022-03-02 15:39:21,2022-03-02 15:39:21
7007403142,นม.70-6721,2022-03-02 14:52:03,2022-03-02 15:06:14,2022-03-02 15:52:53,2022-03-02 15:52:53
7007396729,กท.60-4205,2022-03-02 15:10:28,2022-03-02 15:39:21,2022-03-02 16:23:43,2022-03-02 16:23:43
7007404584,กท.61-7782,2022-03-02 17:23:30,2022-03-02 17:23:30,2022-03-02 18:13:12,2022-03-02 18:13:12
7007404594,กท.79-8107,2022-03-02 17:37:30,2022-03-02 17:37:30,2022-03-02 18:26:18,2022-03-02 18:26:18
7007405706,สค.70-6119,2022-03-03 00:33:15,2022-03-03 00:33:15,2022-03-03 01:20:58,2022-03-03 01:20:58
7007405707,สค.70-4333,2022-03-03 00:41:48,2022-03-03 00:41:48,2022-03-03 01:26:51,2022-03-03 01:26:51
7007405738,สค.70-6124,2022-03-03 01:36:21,2022-03-03 01:36:21,2022-03-03 02:18:57,2022-03-03 02:18:57
7007405832,กท.79-8104,2022-03-03 06:30:48,2022-03-03 06:30:48,2022-03-03 07:20:40,2022-03-03 07:20:40
7007403108,กท.76-4825,2022-03-03 07:05:07,2022-03-03 07:05:07,2022-03-03 07:52:55,2022-03-03 07:52:55
7007405872,สค.70-4335,2022-03-03 08:09:49,2022-03-03 08:09:49,2022-03-03 08:42:07,2022-03-03 08:42:07
7007403049,กท.60-4208,2022-03-03 09:22:14,2022-03-03 09:22:14,2022-03-03 10:11:30,2022-03-03 10:11:30
7007403084,กท.75-1033,2022-03-03 10:28:06,2022-03-03 10:28:06,2022-03-03 11:16:54,2022-03-03 11:16:54
7007406632,กท.79-8105,2022-03-03 10:36:08,2022-03-03 10:36:08,2022-03-03 11:20:28,2022-03-03 11:20:28
7007403058,กท.60-4205,2022-03-03 10:39:47,2022-03-03 11:16:54,2022-03-03 12:02:12,2022-03-03 12:02:12
7007406629,กท.79-2898,2022-03-03 10:46:27,2022-03-03 11:20:28,2022-03-03 12:04:03,2022-03-03 12:04:03
7007406838,กท.78-4646,2022-03-03 11:17:46,2022-03-03 12:04:03,2022-03-03 12:49:38,2022-03-03 12:49:38
7007406639,กท.60-4207,2022-03-03 11:00:22,2022-03-03 12:02:12,2022-03-03 12:51:46,2022-03-03 12:51:46
7007407083,กท.79-3156,2022-03-03 11:51:18,2022-03-03 12:49:38,2022-03-03 13:38:57,2022-03-03 13:38:57
7007407115,นม.70-6719,2022-03-03 12:12:25,2022-03-03 12:51:46,2022-03-03 13:41:46,2022-03-03 13:41:46
7007407291,กท.61-7782,2022-03-03 12:30:30,2022-03-03 13:38:57,2022-03-03 14:25:44,2022-03-03 14:25:44
7007407130,นม.70-6718,2022-03-03 13:13:26,2022-03-03 13:41:46,2022-03-03 14:29:58,2022-03-03 14:29:58
7007407238,นม.70-5975,2022-03-03 13:45:09,2022-03-03 14:25:44,2022-03-03 15:15:44,2022-03-03 15:15:44
7007403062,กท.76-4825,2022-03-03 14:35:04,2022-03-03 14:35:04,2022-03-03 15:24:19,2022-03-03 15:24:19
7007411274,สค.70-6119,2022-03-04 00:28:35,2022-03-04 00:28:35,2022-03-04 01:18:34,2022-03-04 01:18:34
7007411273,สค.70-4333,2022-03-04 00:41:36,2022-03-04 00:41:36,2022-03-04 01:31:32,2022-03-04 01:31:32
7007411290,สค.70-3937,2022-03-04 01:11:36,2022-03-04 01:18:34,2022-03-04 02:06:52,2022-03-04 02:06:52
7007411272,สค.70-4386,2022-03-04 01:14:03,2022-03-04 01:31:32,2022-03-04 02:16:59,2022-03-04 02:16:59
7007411495,สค.70-4335,2022-03-04 07:35:30,2022-03-04 07:35:30,2022-03-04 08:15:54,2022-03-04 08:15:54
7007411520,สค.70-3935,2022-03-04 08:16:10,2022-03-04 08:16:10,2022-03-04 08:55:23,2022-03-04 08:55:23
7007406884,กท.60-4205,2022-03-04 09:01:26,2022-03-04 09:01:26,2022-03-04 09:51:19,2022-03-04 09:51:19
7007406839,กท.76-4825,2022-03-04 09:20:23,2022-03-04 09:20:23,2022-03-04 10:00:43,2022-03-04 10:00:43
7007412025,นม.70-5434,2022-03-04 10:09:50,2022-03-04 10:09:50,2022-03-04 10:53:48,2022-03-04 10:53:48
7007412262,กท.79-8105,2022-03-04 10:26:19,2022-03-04 10:26:19,2022-03-04 11:13:54,2022-03-04 11:13:54
7007412274,กท.79-8104,2022-03-04 10:32:40,2022-03-04 10:53:48,2022-03-04 11:43:37,2022-03-04 11:43:37
7007412265,กท.61-7783,2022-03-04 10:42:53,2022-03-04 11:13:54,2022-03-04 12:02:36,2022-03-04 12:02:36
7007412523,กท.79-3156,2022-03-04 11:10:36,2022-03-04 11:43:37,2022-03-04 12:29:17,2022-03-04 12:29:17
7007412846,กท.79-2898,2022-03-04 12:21:09,2022-03-04 12:21:09,2022-03-04 13:10:56,2022-03-04 13:10:56
7007413657,กท.78-4646,2022-03-04 14:54:54,2022-03-04 14:54:54,2022-03-04 15:43:49,2022-03-04 15:43:49
7007414600,สค.70-4333,2022-03-05 00:23:54,2022-03-05 00:23:54,2022-03-05 01:11:28,2022-03-05 01:11:28
7007414602,สค.70-6119,2022-03-05 01:01:25,2022-03-05 01:01:25,2022-03-05 01:34:10,2022-03-05 01:34:10
7007414613,สค.70-6124,2022-03-05 01:14:09,2022-03-05 01:14:09,2022-03-05 02:03:06,2022-03-05 02:03:06
7007414637,สค.70-4397,2022-03-05 01:42:06,2022-03-05 01:42:06,2022-03-05 02:31:51,2022-03-05 02:31:51
7007414682,กท.78-4646,2022-03-05 04:12:04,2022-03-05 04:12:04,2022-03-05 05:00:22,2022-03-05 05:00:22
7007414735,สค.70-4335,2022-03-05 07:02:26,2022-03-05 07:02:26,2022-03-05 07:49:15,2022-03-05 07:49:15
7007414740,กท.61-6634,2022-03-05 07:06:45,2022-03-05 07:06:45,2022-03-05 07:54:52,2022-03-05 07:54:52
7007414743,สค.70-3893,2022-03-05 07:28:55,2022-03-05 07:49:15,2022-03-05 08:38:45,2022-03-05 08:38:45
7007414840,สค.70-2918,2022-03-05 09:04:04,2022-03-05 09:04:04,2022-03-05 09:50:16,2022-03-05 09:50:16
7007414892,กท.79-8104,2022-03-05 09:47:47,2022-03-05 09:47:47,2022-03-05 10:36:48,2022-03-05 10:36:48
7007414883,กท.79-8105,2022-03-05 09:59:32,2022-03-05 09:59:32,2022-03-05 10:49:32,2022-03-05 10:49:32
7007414888,กท.61-7783,2022-03-05 10:01:50,2022-03-05 10:36:48,2022-03-05 11:06:33,2022-03-05 11:06:33
7007414944,กท.79-3156,2022-03-05 10:22:51,2022-03-05 10:49:32,2022-03-05 11:37:37,2022-03-05 11:37:37
7007414952,กท.79-2898,2022-03-05 10:28:40,2022-03-05 11:06:33,2022-03-05 11:52:03,2022-03-05 11:52:03
7007414975,กท.61-7782,2022-03-05 10:52:20,2022-03-05 11:37:37,2022-03-05 12:23:43,2022-03-05 12:23:43
7007413686,กท.60-4207,2022-03-05 11:10:41,2022-03-05 11:52:03,2022-03-05 12:37:02,2022-03-05 12:37:02
7007415051,นม.70-7497,2022-03-05 11:47:52,2022-03-05 12:23:43,2022-03-05 13:12:14,2022-03-05 13:12:14
7007415184,กท.61-6634,2022-03-05 14:36:13,2022-03-05 14:36:13,2022-03-05 15:22:59,2022-03-05 15:22:59
7007415528,สค.70-4386,2022-03-06 00:28:04,2022-03-06 00:28:04,2022-03-06 01:15:01,2022-03-06 01:15:01
7007415529,สค.70-4333,2022-03-06 00:39:06,2022-03-06 00:39:06,2022-03-06 01:23:48,2022-03-06 01:23:48
7007415534,สค.70-3665,2022-03-06 01:09:48,2022-03-06 01:23:48,2022-03-06 01:55:19,2022-03-06 01:55:19
7007415530,สค.70-6119,2022-03-06 00:54:24,2022-03-06 01:15:01,2022-03-06 02:04:36,2022-03-06 02:04:36
7007413802,กท.75-1033,2022-03-06 06:24:20,2022-03-06 06:24:20,2022-03-06 07:06:02,2022-03-06 07:06:02
7007413836,กท.76-4825,2022-03-06 07:47:43,2022-03-06 07:47:43,2022-03-06 08:35:54,2022-03-06 08:35:54
7007413833,กท.60-4205,2022-03-06 09:42:01,2022-03-06 09:42:01,2022-03-06 10:24:04,2022-03-06 10:24:04
7007413851,กท.60-4207,2022-03-06 10:24:56,2022-03-06 10:24:56,2022-03-06 11:13:34,2022-03-06 11:13:34
7007416542,กท.61-7783,2022-03-06 10:32:13,2022-03-06 10:32:13,2022-03-06 11:13:49,2022-03-06 11:13:49
7007416538,กท.79-2898,2022-03-06 10:35:50,2022-03-06 11:13:34,2022-03-06 11:59:48,2022-03-06 11:59:48
7007416891,กท.79-8107,2022-03-06 10:58:50,2022-03-06 11:13:49,2022-03-06 12:01:49,2022-03-06 12:01:49
7007416534,กท.79-3156,2022-03-06 11:16:06,2022-03-06 11:59:48,2022-03-06 12:49:22,2022-03-06 12:49:22
7007418190,กท.61-6876,2022-03-06 13:41:12,2022-03-06 13:41:12,2022-03-06 14:11:01,2022-03-06 14:11:01
7007418358,กท.78-4646,2022-03-06 13:45:56,2022-03-06 13:45:56,2022-03-06 14:29:47,2022-03-06 14:29:47
7007413770,กท.75-1033,2022-03-06 14:04:20,2022-03-06 14:11:01,2022-03-06 15:00:10,2022-03-06 15:00:10
7007418501,นม.70-7502,2022-03-06 14:33:03,2022-03-06 14:33:03,2022-03-06 15:22:31,2022-03-06 15:22:31
7007418466,นม.70-7497,2022-03-06 14:47:58,2022-03-06 15:00:10,2022-03-06 15:49:55,2022-03-06 15:49:55
7007418490,นม.70-6720,2022-03-06 15:00:59,2022-03-06 15:22:31,2022-03-06 16:07:18,2022-03-06 16:07:18
7007418763,กท.61-6634,2022-03-06 15:52:40,2022-03-06 15:52:40,2022-03-06 16:42:37,2022-03-06 16:42:37
7007418806,นม.70-7144,2022-03-06 16:02:35,2022-03-06 16:07:18,2022-03-06 16:54:29,2022-03-06 16:54:29
7007425042,สค.70-6119,2022-03-07 00:32:05,2022-03-07 00:32:05,2022-03-07 01:21:11,2022-03-07 01:21:11
7007425067,สค.70-6124,2022-03-07 00:59:31,2022-03-07 00:59:31,2022-03-07 01:45:05,2022-03-07 01:45:05
7007425107,สค.70-4335,2022-03-07 03:18:22,2022-03-07 03:18:22,2022-03-07 03:57:28,2022-03-07 03:57:28
7007425138,สค.70-4333,2022-03-07 04:14:50,2022-03-07 04:14:50,2022-03-07 05:04:25,2022-03-07 05:04:25
7007417085,กท.75-1033,2022-03-07 04:46:38,2022-03-07 04:46:38,2022-03-07 05:36:24,2022-03-07 05:36:24
7007425223,สค.70-3935,2022-03-07 07:50:13,2022-03-07 07:50:13,2022-03-07 08:39:06,2022-03-07 08:39:06
7007421567,กท.60-4208,2022-03-07 08:53:15,2022-03-07 08:53:15,2022-03-07 09:39:39,2022-03-07 09:39:39
7007425399,นม.70-6730,2022-03-07 08:59:28,2022-03-07 08:59:28,2022-03-07 09:49:25,2022-03-07 09:49:25
7007417055,กท.60-4205,2022-03-07 09:32:28,2022-03-07 09:39:39,2022-03-07 10:21:12,2022-03-07 10:21:12
7007426057,กท.79-2898,2022-03-07 10:38:55,2022-03-07 10:38:55,2022-03-07 11:20:36,2022-03-07 11:20:36
7007417115,กท.60-4207,2022-03-07 10:51:19,2022-03-07 10:51:19,2022-03-07 11:40:45,2022-03-07 11:40:45
7007426919,กท.61-6876,2022-03-07 12:07:52,2022-03-07 12:07:52,2022-03-07 12:56:29,2022-03-07 12:56:29
7007427277,กท.79-7440,2022-03-07 13:37:37,2022-03-07 13:37:37,2022-03-07 14:27:28,2022-03-07 14:27:28
7007427443,กท.61-7783,2022-03-07 13:57:02,2022-03-07 13:57:02,2022-03-07 14:47:02,2022-03-07 14:47:02
7007427729,ชบ.71-4793,2022-03-07 14:14:40,2022-03-07 14:27:28,2022-03-07 15:05:45,2022-03-07 15:05:45
7007427847,กท.79-8107,2022-03-07 14:42:09,2022-03-07 14:47:02,2022-03-07 15:36:49,2022-03-07 15:36:49
7007427917,ชม.70-6755,2022-03-07 15:19:55,2022-03-07 15:19:55,2022-03-07 16:09:21,2022-03-07 16:09:21
7007427926,ชม.70-5997,2022-03-07 15:30:57,2022-03-07 15:36:49,2022-03-07 16:15:25,2022-03-07 16:15:25
7007432071,สค.70-4333,2022-03-08 00:34:22,2022-03-08 00:34:22,2022-03-08 01:22:53,2022-03-08 01:22:53
7007432076,สค.70-4386,2022-03-08 01:02:19,2022-03-08 01:02:19,2022-03-08 01:49:55,2022-03-08 01:49:55
7007432070,สค.70-6119,2022-03-08 01:11:15,2022-03-08 01:22:53,2022-03-08 02:12:53,2022-03-08 02:12:53
7007432103,สค.70-2919,2022-03-08 01:43:39,2022-03-08 01:49:55,2022-03-08 02:35:12,2022-03-08 02:35:12
7007432207,กท.78-4646,2022-03-08 07:36:47,2022-03-08 07:36:47,2022-03-08 08:26:35,2022-03-08 08:26:35
7007432273,กท.61-6471,2022-03-08 07:57:24,2022-03-08 07:57:24,2022-03-08 08:46:56,2022-03-08 08:46:56
7007432277,สค.70-4335,2022-03-08 08:26:19,2022-03-08 08:26:35,2022-03-08 09:10:38,2022-03-08 09:10:38
7007425877,กท.76-4825,2022-03-08 09:25:03,2022-03-08 09:25:03,2022-03-08 10:15:02,2022-03-08 10:15:02
7007425822,กท.60-4207,2022-03-08 09:32:47,2022-03-08 09:32:47,2022-03-08 10:17:03,2022-03-08 10:17:03
7007433550,กท.79-8105,2022-03-08 11:20:09,2022-03-08 11:20:09,2022-03-08 12:10:09,2022-03-08 12:10:09
7007433882,นม.70-5434,2022-03-08 11:58:02,2022-03-08 11:58:02,2022-03-08 12:47:48,2022-03-08 12:47:48
7007434246,กท.79-2898,2022-03-08 13:03:17,2022-03-08 13:03:17,2022-03-08 13:53:17,2022-03-08 13:53:17
7007425905,กท.75-1033,2022-03-08 13:20:56,2022-03-08 13:20:56,2022-03-08 14:10:54,2022-03-08 14:10:54
7007434807,กท.61-6876,2022-03-08 15:04:37,2022-03-08 15:04:37,2022-03-08 15:44:56,2022-03-08 15:44:56
7007435166,กท.61-6471,2022-03-08 15:14:49,2022-03-08 15:14:49,2022-03-08 16:03:59,2022-03-08 16:03:59
7007437254,สค.70-4397,2022-03-09 00:55:18,2022-03-09 00:55:18,2022-03-09 01:32:38,2022-03-09 01:32:38
7007437244,สค.70-6119,2022-03-09 01:04:56,2022-03-09 01:04:56,2022-03-09 01:50:47,2022-03-09 01:50:47
7007437246,สค.70-5407,2022-03-09 01:07:47,2022-03-09 01:32:38,2022-03-09 02:14:26,2022-03-09 02:14:26
7007437255,สค.70-3937,2022-03-09 01:31:56,2022-03-09 01:50:47,2022-03-09 02:40:44,2022-03-09 02:40:44
7007434642,กท.76-4825,2022-03-09 06:58:29,2022-03-09 06:58:29,2022-03-09 07:46:50,2022-03-09 07:46:50
7007437427,สค.70-4335,2022-03-09 07:08:09,2022-03-09 07:08:09,2022-03-09 07:54:56,2022-03-09 07:54:56
7007437439,กท.61-6471,2022-03-09 07:38:49,2022-03-09 07:46:50,2022-03-09 08:20:40,2022-03-09 08:20:40
7007437465,กท.78-4646,2022-03-09 08:14:24,2022-03-09 08:14:24,2022-03-09 08:56:00,2022-03-09 08:56:00
7007434654,กท.60-4205,2022-03-09 09:18:50,2022-03-09 09:18:50,2022-03-09 10:05:03,2022-03-09 10:05:03
7007434671,กท.75-1033,2022-03-09 10:22:40,2022-03-09 10:22:40,2022-03-09 11:10:23,2022-03-09 11:10:23
7007438119,กท.79-8105,2022-03-09 10:22:35,2022-03-09 10:22:35,2022-03-09 11:12:31,2022-03-09 11:12:31
7007438122,กท.79-7440,2022-03-09 10:44:50,2022-03-09 11:12:31,2022-03-09 11:56:39,2022-03-09 11:56:39
7007438117,กท.79-2898,2022-03-09 10:41:59,2022-03-09 11:10:23,2022-03-09 11:59:25,2022-03-09 11:59:25
7007438388,นม.70-6720,2022-03-09 11:04:50,2022-03-09 11:56:39,2022-03-09 12:44:50,2022-03-09 12:44:50
7007438791,กท.61-6876,2022-03-09 12:05:17,2022-03-09 12:05:17,2022-03-09 12:51:30,2022-03-09 12:51:30
7007438768,ชม.70-6751,2022-03-09 12:17:09,2022-03-09 12:44:50,2022-03-09 13:22:33,2022-03-09 13:22:33
7007439036,ชบ.71-8902,2022-03-09 12:46:31,2022-03-09 12:51:30,2022-03-09 13:40:03,2022-03-09 13:40:03
7007434646,กท.60-4208,2022-03-09 13:04:36,2022-03-09 13:22:33,2022-03-09 14:11:59,2022-03-09 14:11:59
7007442507,สค.70-6119,2022-03-10 00:47:20,2022-03-10 00:47:20,2022-03-10 01:37:18,2022-03-10 01:37:18
7007442513,สค.70-3665,2022-03-10 01:14:37,2022-03-10 01:37:18,2022-03-10 02:26:29,2022-03-10 02:26:29
7007442553,สค.70-4397,2022-03-10 02:21:45,2022-03-10 02:21:45,2022-03-10 02:58:22,2022-03-10 02:58:22
7007438258,กท.75-1033,2022-03-10 04:26:36,2022-03-10 04:26:36,2022-03-10 05:15:47,2022-03-10 05:15:47
7007438205,กท.76-4825,2022-03-10 04:40:18,2022-03-10 04:40:18,2022-03-10 05:26:07,2022-03-10 05:26:07
7007442735,สค.70-4335,2022-03-10 07:36:10,2022-03-10 07:36:10,2022-03-10 08:20:04,2022-03-10 08:20:04
7007438229,กท.60-4205,2022-03-10 08:51:50,2022-03-10 08:51:50,2022-03-10 09:41:30,2022-03-10 09:41:30
7007439013,กท.60-4208,2022-03-10 09:04:01,2022-03-10 09:04:01,2022-03-10 09:52:32,2022-03-10 09:52:32
7007443062,กท.79-8104,2022-03-10 09:42:53,2022-03-10 09:42:53,2022-03-10 10:31:33,2022-03-10 10:31:33
7007443266,ชบ.71-4793,2022-03-10 10:08:35,2022-03-10 10:08:35,2022-03-10 10:47:35,2022-03-10 10:47:35
7007443621,กท.79-7440,2022-03-10 10:30:11,2022-03-10 10:31:33,2022-03-10 11:02:54,2022-03-10 11:02:54
7007443090,กท.79-2898,2022-03-10 10:33:46,2022-03-10 10:47:35,2022-03-10 11:37:27,2022-03-10 11:37:27
7007443664,นม.70-5434,2022-03-10 11:12:37,2022-03-10 11:12:37,2022-03-10 11:43:59,2022-03-10 11:43:59
7007438189,กท.60-4207,2022-03-10 11:15:34,2022-03-10 11:37:27,2022-03-10 12:27:21,2022-03-10 12:27:21
7007444696,ชม.70-5991,2022-03-10 13:19:31,2022-03-10 13:19:31,2022-03-10 14:05:54,2022-03-10 14:05:54
7007444929,กท.61-7782,2022-03-10 13:29:00,2022-03-10 13:29:00,2022-03-10 14:14:02,2022-03-10 14:14:02
7007444963,กท.60-2722,2022-03-10 13:52:00,2022-03-10 14:05:54,2022-03-10 14:55:52,2022-03-10 14:55:52
7007445066,กท.78-4646,2022-03-10 14:09:37,2022-03-10 14:14:02,2022-03-10 15:03:17,2022-03-10 15:03:17
7007444962,กท.79-7791,2022-03-10 14:20:10,2022-03-10 14:55:52,2022-03-10 15:27:56,2022-03-10 15:27:56
7007444964,กท.79-7787,2022-03-10 14:21:49,2022-03-10 15:03:17,2022-03-10 15:53:15,2022-03-10 15:53:15
7007444762,ชม.70-6755,2022-03-10 15:56:15,2022-03-10 15:56:15,2022-03-10 16:46:07,2022-03-10 16:46:07
7007445590,นม.70-5975,2022-03-10 16:01:04,2022-03-10 16:01:04,2022-03-10 16:50:47,2022-03-10 16:50:47
7007444877,นม.70-6718,2022-03-10 16:10:25,2022-03-10 16:46:07,2022-03-10 17:27:07,2022-03-10 17:27:07
7007444746,ชม.70-5997,2022-03-10 16:37:47,2022-03-10 16:50:47,2022-03-10 17:40:47,2022-03-10 17:40:47
7007446558,นม.70-6720,2022-03-10 17:03:48,2022-03-10 17:27:07,2022-03-10 17:59:37,2022-03-10 17:59:37
7007446535,กท.60-2723,2022-03-10 17:27:19,2022-03-10 17:40:47,2022-03-10 18:17:07,2022-03-10 18:17:07
7007450397,สค.70-6119,2022-03-11 00:27:51,2022-03-11 00:27:51,2022-03-11 01:17:46,2022-03-11 01:17:46
7007450398,สค.70-5407,2022-03-11 00:37:58,2022-03-11 00:37:58,2022-03-11 01:24:52,2022-03-11 01:24:52
7007450399,สค.70-4386,2022-03-11 00:48:39,2022-03-11 01:17:46,2022-03-11 01:55:14,2022-03-11 01:55:14
7007450402,สค.70-4397,2022-03-11 01:13:24,2022-03-11 01:24:52,2022-03-11 02:14:16,2022-03-11 02:14:16
7007446082,กท.75-1033,2022-03-11 03:28:22,2022-03-11 03:28:22,2022-03-11 04:00:02,2022-03-11 04:00:02
7007446084,กท.76-4825,2022-03-11 06:37:50,2022-03-11 06:37:50,2022-03-11 07:19:12,2022-03-11 07:19:12
7007450638,สค.70-3935,2022-03-11 07:25:08,2022-03-11 07:25:08,2022-03-11 08:15:07,2022-03-11 08:15:07
7007445917,กท.60-4205,2022-03-11 09:16:12,2022-03-11 09:16:12,2022-03-11 10:04:00,2022-03-11 10:04:00
7007446065,กท.60-4207,2022-03-11 11:22:00,2022-03-11 11:22:00,2022-03-11 12:11:18,2022-03-11 12:11:18
7007452962,กท.78-4646,2022-03-11 15:30:49,2022-03-11 15:30:49,2022-03-11 16:20:19,2022-03-11 16:20:19
7007454061,สค.70-4397,2022-03-12 06:32:13,2022-03-12 06:32:13,2022-03-12 07:20:36,2022-03-12 07:20:36
7007454069,สค.70-6119,2022-03-12 06:47:08,2022-03-12 06:47:08,2022-03-12 07:32:25,2022-03-12 07:32:25
7007454060,สค.70-5407,2022-03-12 06:47:18,2022-03-12 07:20:36,2022-03-12 08:10:20,2022-03-12 08:10:20
7007454072,สค.70-3480,2022-03-12 08:11:45,2022-03-12 08:11:45,2022-03-12 08:55:28,2022-03-12 08:55:28
7007454108,สค.70-4335,2022-03-12 08:15:03,2022-03-12 08:15:03,2022-03-12 09:04:15,2022-03-12 09:04:15
7007454190,กท.79-7440,2022-03-12 09:59:06,2022-03-12 09:59:06,2022-03-12 10:48:52,2022-03-12 10:48:52
7007452205,กท.75-1033,2022-03-12 12:49:53,2022-03-12 12:49:53,2022-03-12 13:34:17,2022-03-12 13:34:17
7007454888,สค.70-4386,2022-03-13 00:37:30,2022-03-13 00:37:30,2022-03-13 01:23:16,2022-03-13 01:23:16
7007454889,สค.70-6119,2022-03-13 00:42:43,2022-03-13 00:42:43,2022-03-13 01:32:28,2022-03-13 01:32:28
7007454890,สค.70-3937,2022-03-13 00:56:43,2022-03-13 01:23:16,2022-03-13 03:12:51,2022-03-13 03:12:51
7007454898,สค.70-4397,2022-03-13 01:36:43,2022-03-13 01:36:43,2022-03-13 03:20:40,2022-03-13 03:20:40
7007452292,กท.75-1033,2022-03-13 04:12:20,2022-03-13 04:12:20,2022-03-13 05:01:55,2022-03-13 05:01:55
7007455043,สค.70-4335,2022-03-13 07:48:28,2022-03-13 07:48:28,2022-03-13 08:38:27,2022-03-13 08:38:27
7007452301,กท.76-4825,2022-03-13 08:24:20,2022-03-13 08:24:20,2022-03-13 09:14:19,2022-03-13 09:14:19
7007456293,กท.78-4646,2022-03-13 10:23:15,2022-03-13 10:23:15,2022-03-13 11:10:17,2022-03-13 11:10:17
7007456461,สค.70-5407,2022-03-13 10:57:05,2022-03-13 10:57:05,2022-03-13 11:38:39,2022-03-13 11:38:39
7007452296,กท.60-4207,2022-03-13 11:00:15,2022-03-13 11:10:17,2022-03-13 11:54:59,2022-03-13 11:54:59
7007457021,ชบ.71-8902,2022-03-13 11:31:26,2022-03-13 11:38:39,2022-03-13 12:26:54,2022-03-13 12:26:54
7007456981,ชม.70-5997,2022-03-13 11:32:36,2022-03-13 11:54:59,2022-03-13 12:44:55,2022-03-13 12:44:55
7007456974,ชม.70-6755,2022-03-13 11:38:32,2022-03-13 12:26:54,2022-03-13 13:15:59,2022-03-13 13:15:59
7007457053,ชบ.71-4792,2022-03-13 11:45:19,2022-03-13 12:44:55,2022-03-13 13:32:30,2022-03-13 13:32:30
7007457694,นม.70-7498,2022-03-13 13:18:52,2022-03-13 13:18:52,2022-03-13 14:04:56,2022-03-13 14:04:56
7007457696,นม.70-7497,2022-03-13 13:59:00,2022-03-13 13:59:00,2022-03-13 14:42:18,2022-03-13 14:42:18
7007457692,นม.70-6721,2022-03-13 14:09:32,2022-03-13 14:09:32,2022-03-13 14:56:28,2022-03-13 14:56:28
7007463217,สค.70-2919,2022-03-14 00:58:26,2022-03-14 00:58:26,2022-03-14 01:45:33,2022-03-14 01:45:33
7007463215,สค.70-6119,2022-03-14 01:04:34,2022-03-14 01:04:34,2022-03-14 01:47:32,2022-03-14 01:47:32
7007463243,สค.70-4397,2022-03-14 01:17:44,2022-03-14 01:45:33,2022-03-14 02:35:27,2022-03-14 02:35:27
7007463296,สค.70-3935,2022-03-14 03:32:21,2022-03-14 03:32:21,2022-03-14 04:20:03,2022-03-14 04:20:03
7007456632,กท.75-1033,2022-03-14 05:17:12,2022-03-14 05:17:12,2022-03-14 05:54:41,2022-03-14 05:54:41
7007463446,สค.70-4335,2022-03-14 08:18:49,2022-03-14 08:18:49,2022-03-14 09:08:49,2022-03-14 09:08:49
7007462130,กท.60-4205,2022-03-14 08:57:18,2022-03-14 08:57:18,2022-03-14 09:47:11,2022-03-14 09:47:11
7007456609,กท.60-4207,2022-03-14 09:51:08,2022-03-14 09:51:08,2022-03-14 10:32:49,2022-03-14 10:32:49
7007456622,กท.60-4208,2022-03-14 10:00:05,2022-03-14 10:00:05,2022-03-14 10:48:15,2022-03-14 10:48:15
7007464390,นม.70-5434,2022-03-14 10:07:55,2022-03-14 10:32:49,2022-03-14 11:19:08,2022-03-14 11:19:08
7007465204,สค.70-5407,2022-03-14 12:03:38,2022-03-14 12:03:38,2022-03-14 12:48:27,2022-03-14 12:48:27
7007465752,กท.79-7440,2022-03-14 13:15:05,2022-03-14 13:15:05,2022-03-14 14:04:14,2022-03-14 14:04:14
7007467122,กท.79-7786,2022-03-14 15:29:40,2022-03-14 15:29:40,2022-03-14 16:19:08,2022-03-14 16:19:08
7007467139,กท.60-2724,2022-03-14 15:59:16,2022-03-14 15:59:16,2022-03-14 16:45:40,2022-03-14 16:45:40
7007469538,สค.70-6119,2022-03-15 00:28:24,2022-03-15 00:28:24,2022-03-15 01:15:19,2022-03-15 01:15:19
7007469539,สค.70-5407,2022-03-15 01:13:56,2022-03-15 01:13:56,2022-03-15 02:03:56,2022-03-15 02:03:56
7007469564,สค.70-4397,2022-03-15 01:30:33,2022-03-15 01:30:33,2022-03-15 02:20:32,2022-03-15 02:20:32
7007467955,กท.76-4825,2022-03-15 04:27:58,2022-03-15 04:27:58,2022-03-15 05:12:55,2022-03-15 05:12:55
7007469679,กท.61-7782,2022-03-15 07:18:54,2022-03-15 07:18:54,2022-03-15 08:08:50,2022-03-15 08:08:50
7007469676,กท.79-7440,2022-03-15 07:41:00,2022-03-15 07:41:00,2022-03-15 08:22:51,2022-03-15 08:22:51
7007465807,กท.60-4205,2022-03-15 08:11:49,2022-03-15 08:11:49,2022-03-15 09:00:54,2022-03-15 09:00:54
7007465810,กท.75-1033,2022-03-15 09:11:44,2022-03-15 09:11:44,2022-03-15 09:57:32,2022-03-15 09:57:32
7007470032,ชบ.71-4793,2022-03-15 10:10:52,2022-03-15 10:10:52,2022-03-15 10:59:12,2022-03-15 10:59:12
7007465795,กท.60-4208,2022-03-15 10:30:04,2022-03-15 10:30:04,2022-03-15 11:17:09,2022-03-15 11:17:09
7007470114,กท.61-6471,2022-03-15 10:41:42,2022-03-15 10:59:12,2022-03-15 11:44:37,2022-03-15 11:44:37
7007472041,นม.70-5380,2022-03-15 13:11:03,2022-03-15 13:11:03,2022-03-15 14:00:10,2022-03-15 14:00:10
7007472036,นม.70-6719,2022-03-15 13:22:48,2022-03-15 13:22:48,2022-03-15 14:12:48,2022-03-15 14:12:48
7007472030,กท.60-2723,2022-03-15 13:59:07,2022-03-15 14:00:10,2022-03-15 14:48:16,2022-03-15 14:48:16
7007474619,สค.70-6119,2022-03-16 00:37:56,2022-03-16 00:37:56,2022-03-16 01:18:34,2022-03-16 01:18:34
7007474618,สค.70-4386,2022-03-16 00:49:20,2022-03-16 00:49:20,2022-03-16 01:36:28,2022-03-16 01:36:28
7007474625,สค.70-4335,2022-03-16 01:08:32,2022-03-16 01:18:34,2022-03-16 02:00:57,2022-03-16 02:00:57
7007474728,สค.70-4333,2022-03-16 04:36:58,2022-03-16 04:36:58,2022-03-16 05:11:25,2022-03-16 05:11:25
7007471936,กท.75-1033,2022-03-16 07:08:29,2022-03-16 07:08:29,2022-03-16 07:58:18,2022-03-16 07:58:18
7007471951,กท.76-4825,2022-03-16 08:20:37,2022-03-16 08:20:37,2022-03-16 09:09:43,2022-03-16 09:09:43
7007471954,กท.60-4207,2022-03-16 10:21:56,2022-03-16 10:21:56,2022-03-16 11:09:48,2022-03-16 11:09:48
7007476268,นม.70-5434,2022-03-16 10:39:35,2022-03-16 10:39:35,2022-03-16 11:24:41,2022-03-16 11:24:41
7007476117,สบ.71-0828,2022-03-16 11:02:33,2022-03-16 11:09:48,2022-03-16 11:45:22,2022-03-16 11:45:22
7007476106,สบ.71-0408,2022-03-16 11:23:44,2022-03-16 11:24:41,2022-03-16 11:55:10,2022-03-16 11:55:10
7007476610,ชบ.71-8902,2022-03-16 11:33:11,2022-03-16 11:45:22,2022-03-16 12:29:43,2022-03-16 12:29:43
7007477042,ชบ.71-4792,2022-03-16 12:03:44,2022-03-16 12:03:44,2022-03-16 12:52:29,2022-03-16 12:52:29
7007476986,นม.70-7496,2022-03-16 12:14:20,2022-03-16 12:29:43,2022-03-16 13:16:03,2022-03-16 13:16:03
7007476996,นม.70-6737,2022-03-16 12:25:14,2022-03-16 12:52:29,2022-03-16 13:42:28,2022-03-16 13:42:28
7007477007,นม.70-6891,2022-03-16 12:35:15,2022-03-16 13:16:03,2022-03-16 14:00:23,2022-03-16 14:00:23
7007477257,จบ.70-0722,2022-03-16 12:53:57,2022-03-16 13:42:28,2022-03-16 14:31:04,2022-03-16 14:31:04
7007487613,สค.70-6119,2022-03-17 00:31:42,2022-03-17 00:31:42,2022-03-17 01:19:32,2022-03-17 01:19:32
7007487632,สค.70-4397,2022-03-17 01:42:42,2022-03-17 01:42:42,2022-03-17 02:32:32,2022-03-17 02:32:32
7007487652,สค.70-4333,2022-03-17 02:32:20,2022-03-17 02:32:20,2022-03-17 03:22:10,2022-03-17 03:22:10
7007476832,กท.76-4825,2022-03-17 03:44:15,2022-03-17 03:44:15,2022-03-17 04:30:13,2022-03-17 04:30:13
7007487685,สค.70-4335,2022-03-17 03:55:10,2022-03-17 03:55:10,2022-03-17 04:40:32,2022-03-17 04:40:32
7007476744,กท.60-4205,2022-03-17 06:42:32,2022-03-17 06:42:32,2022-03-17 07:21:53,2022-03-17 07:21:53
7007487806,สค.70-3935,2022-03-17 07:38:47,2022-03-17 07:38:47,2022-03-17 08:23:12,2022-03-17 08:23:12
7007487928,นม.70-6589,2022-03-17 09:31:19,2022-03-17 09:31:19,2022-03-17 10:13:13,2022-03-17 10:13:13
7007490267,กท.79-7440,2022-03-17 10:35:02,2022-03-17 10:35:02,2022-03-17 11:15:45,2022-03-17 11:15:45
7007476841,กท.60-4208,2022-03-17 11:01:26,2022-03-17 11:01:26,2022-03-17 11:50:58,2022-03-17 11:50:58
7007476758,กท.60-4207,2022-03-17 11:14:14,2022-03-17 11:15:45,2022-03-17 11:52:12,2022-03-17 11:52:12
7007492338,ชม.70-5991,2022-03-17 11:27:17,2022-03-17 11:50:58,2022-03-17 12:35:49,2022-03-17 12:35:49
7007476830,กท.75-1033,2022-03-17 13:18:06,2022-03-17 13:18:06,2022-03-17 13:59:53,2022-03-17 13:59:53
7007502435,นม.70-7501,2022-03-17 16:40:44,2022-03-17 16:40:44,2022-03-17 17:26:21,2022-03-17 17:26:21
7007502514,กท.79-7791,2022-03-17 16:39:02,2022-03-17 16:39:02,2022-03-17 17:28:15,2022-03-17 17:28:15
7007502484,นม.70-7144,2022-03-17 16:49:50,2022-03-17 17:26:21,2022-03-17 18:16:19,2022-03-17 18:16:19
7007509966,สค.70-6119,2022-03-18 00:39:30,2022-03-18 00:39:30,2022-03-18 01:29:22,2022-03-18 01:29:22
7007509968,สค.70-4386,2022-03-18 00:47:18,2022-03-18 00:47:18,2022-03-18 01:34:26,2022-03-18 01:34:26
7007509992,สค.70-4397,2022-03-18 01:17:42,2022-03-18 01:29:22,2022-03-18 02:19:00,2022-03-18 02:19:00
7007510011,สค.70-3937,2022-03-18 01:45:42,2022-03-18 01:45:42,2022-03-18 02:35:21,2022-03-18 02:35:21
7007497645,กท.60-4208,2022-03-18 05:20:01,2022-03-18 05:20:01,2022-03-18 06:08:57,2022-03-18 06:08:57
7007510148,สค.70-4335,2022-03-18 07:32:23,2022-03-18 07:32:23,2022-03-18 08:22:23,2022-03-18 08:22:23
7007510229,กท.79-2899,2022-03-18 07:36:01,2022-03-18 07:36:01,2022-03-18 08:25:52,2022-03-18 08:25:52
7007497700,กท.60-4205,2022-03-18 08:42:12,2022-03-18 08:42:12,2022-03-18 09:29:19,2022-03-18 09:29:19
7007510511,สค.70-4333,2022-03-18 09:29:12,2022-03-18 09:29:12,2022-03-18 10:07:35,2022-03-18 10:07:35
7007513396,สค.70-6119,2022-03-19 00:59:21,2022-03-19 00:59:21,2022-03-19 01:36:44,2022-03-19 01:36:44
7007513400,สค.70-3665,2022-03-19 01:10:52,2022-03-19 01:10:52,2022-03-19 02:00:20,2022-03-19 02:00:20
7007513412,สค.70-4397,2022-03-19 01:23:29,2022-03-19 01:36:44,2022-03-19 02:22:44,2022-03-19 02:22:44
7007513501,สค.70-4335,2022-03-19 06:43:38,2022-03-19 06:43:38,2022-03-19 07:32:05,2022-03-19 07:32:05
7007511822,กท.76-4825,2022-03-19 06:44:09,2022-03-19 06:44:09,2022-03-19 07:34:09,2022-03-19 07:34:09
7007513551,สค.70-5407,2022-03-19 07:46:45,2022-03-19 07:46:45,2022-03-19 08:35:15,2022-03-19 08:35:15
7007513569,สค.70-2306,2022-03-19 08:26:18,2022-03-19 08:26:18,2022-03-19 09:04:09,2022-03-19 09:04:09
7007513997,สค.70-3890,2022-03-19 11:20:16,2022-03-19 11:20:16,2022-03-19 12:06:33,2022-03-19 12:06:33
7007514398,สค.70-6119,2022-03-20 00:49:09,2022-03-20 00:49:09,2022-03-20 01:29:53,2022-03-20 01:29:53
7007514419,สค.70-4397,2022-03-20 01:16:06,2022-03-20 01:16:06,2022-03-20 02:01:47,2022-03-20 02:01:47
7007514428,สค.70-5407,2022-03-20 01:30:45,2022-03-20 01:30:45,2022-03-20 02:16:09,2022-03-20 02:16:09
7007511931,กท.60-4208,2022-03-20 06:33:05,2022-03-20 06:33:05,2022-03-20 07:23:05,2022-03-20 07:23:05
7007511863,กท.75-1033,2022-03-20 06:44:42,2022-03-20 06:44:42,2022-03-20 07:33:48,2022-03-20 07:33:48
7007511944,กท.60-4207,2022-03-20 07:47:18,2022-03-20 07:47:18,2022-03-20 08:36:25,2022-03-20 08:36:25
7007511876,กท.60-4205,2022-03-20 08:57:16,2022-03-20 08:57:16,2022-03-20 09:36:32,2022-03-20 09:36:32
7007513053,กท.76-4825,2022-03-20 08:58:52,2022-03-20 08:58:52,2022-03-20 09:38:13,2022-03-20 09:38:13
7007514802,สค.70-2918,2022-03-20 09:27:52,2022-03-20 09:36:32,2022-03-20 10:26:29,2022-03-20 10:26:29
7007516092,ฉช.82-8346,2022-03-20 10:43:51,2022-03-20 10:43:51,2022-03-20 11:32:32,2022-03-20 11:32:32
7007516282,นม.70-6721,2022-03-20 11:19:04,2022-03-20 11:19:04,2022-03-20 12:09:02,2022-03-20 12:09:02
7007516453,สบ.71-0408,2022-03-20 11:22:36,2022-03-20 11:32:32,2022-03-20 12:22:11,2022-03-20 12:22:11
7007517364,กท.62-1291,2022-03-20 11:54:09,2022-03-20 12:09:02,2022-03-20 12:50:03,2022-03-20 12:50:03
7007518342,นม.70-7498,2022-03-20 12:23:59,2022-03-20 12:23:59,2022-03-20 13:06:06,2022-03-20 13:06:06
7007518539,กท.61-6634,2022-03-20 13:00:52,2022-03-20 13:00:52,2022-03-20 13:50:47,2022-03-20 13:50:47
7007518988,กท.78-4646,2022-03-20 13:22:16,2022-03-20 13:22:16,2022-03-20 14:11:06,2022-03-20 14:11:06
7007515784,กท.60-4208,2022-03-20 14:26:16,2022-03-20 14:26:16,2022-03-20 15:16:15,2022-03-20 15:16:15
7007520472,ชบ.71-8902,2022-03-20 15:30:59,2022-03-20 15:30:59,2022-03-20 16:20:29,2022-03-20 16:20:29
7007520781,ชบ.71-4793,2022-03-20 15:46:06,2022-03-20 15:46:06,2022-03-20 16:34:20,2022-03-20 16:34:20
7007519802,กท.79-2159,2022-03-20 15:49:39,2022-03-20 16:20:29,2022-03-20 17:07:48,2022-03-20 17:07:48
7007520679,ชบ.71-4792,2022-03-20 16:12:56,2022-03-20 16:34:20,2022-03-20 17:24:13,2022-03-20 17:24:13
7007525449,สค.70-6119,2022-03-21 00:33:50,2022-03-21 00:33:50,2022-03-21 01:23:11,2022-03-21 01:23:11
7007525510,สค.70-5407,2022-03-21 02:07:05,2022-03-21 02:07:05,2022-03-21 02:56:17,2022-03-21 02:56:17
7007525537,กท.61-7782,2022-03-21 03:12:18,2022-03-21 03:12:18,2022-03-21 03:58:19,2022-03-21 03:58:19
7007525561,สค.70-4335,2022-03-21 03:54:04,2022-03-21 03:54:04,2022-03-21 04:43:15,2022-03-21 04:43:15
7007525563,กท.79-2899,2022-03-21 04:11:51,2022-03-21 04:11:51,2022-03-21 04:52:10,2022-03-21 04:52:10
7007518022,กท.75-1033,2022-03-21 04:16:05,2022-03-21 04:43:15,2022-03-21 05:33:09,2022-03-21 05:33:09
7007525728,กท.78-4646,2022-03-21 07:05:03,2022-03-21 07:05:03,2022-03-21 07:41:09,2022-03-21 07:41:09
7007525751,กท.79-3156,2022-03-21 07:53:29,2022-03-21 07:53:29,2022-03-21 08:43:15,2022-03-21 08:43:15
7007525740,สค.70-3935,2022-03-21 08:16:08,2022-03-21 08:16:08,2022-03-21 09:02:20,2022-03-21 09:02:20
7007517791,กท.60-4205,2022-03-21 09:56:06,2022-03-21 09:56:06,2022-03-21 10:46:04,2022-03-21 10:46:04
7007527539,นม.70-5434,2022-03-21 10:29:08,2022-03-21 10:29:08,2022-03-21 11:19:05,2022-03-21 11:19:05
7007527360,ชร.70-6493,2022-03-21 10:35:34,2022-03-21 10:46:04,2022-03-21 11:35:30,2022-03-21 11:35:30
7007527332,ชม.70-6753,2022-03-21 10:43:49,2022-03-21 11:19:05,2022-03-21 12:01:42,2022-03-21 12:01:42
7007517804,กท.75-1033,2022-03-21 11:22:42,2022-03-21 11:35:30,2022-03-21 12:21:15,2022-03-21 12:21:15
7007529907,นม.70-8646,2022-03-21 12:19:52,2022-03-21 12:19:52,2022-03-21 13:04:30,2022-03-21 13:04:30
7007529848,นม.70-6736,2022-03-21 12:25:24,2022-03-21 12:25:24,2022-03-21 13:14:12,2022-03-21 13:14:12
7007531141,นม.70-6892,2022-03-21 14:20:59,2022-03-21 14:20:59,2022-03-21 15:10:02,2022-03-21 15:10:02
7007535399,สค.70-6119,2022-03-22 00:37:07,2022-03-22 00:37:07,2022-03-22 01:11:54,2022-03-22 01:11:54
7007535431,สค.70-3665,2022-03-22 01:19:33,2022-03-22 01:19:33,2022-03-22 02:08:05,2022-03-22 02:08:05
7007535481,กท.61-7782,2022-03-22 04:09:57,2022-03-22 04:09:57,2022-03-22 04:51:16,2022-03-22 04:51:16
7007535488,กท.79-7440,2022-03-22 04:05:18,2022-03-22 04:05:18,2022-03-22 04:55:14,2022-03-22 04:55:14
7007535492,สค.70-5407,2022-03-22 04:30:14,2022-03-22 04:51:16,2022-03-22 05:37:49,2022-03-22 05:37:49
7007535554,สค.70-4335,2022-03-22 07:33:01,2022-03-22 07:33:01,2022-03-22 08:11:00,2022-03-22 08:11:00
7007531562,กท.76-4825,2022-03-22 09:12:46,2022-03-22 09:12:46,2022-03-22 10:02:15,2022-03-22 10:02:15
7007536246,สค.70-6124,2022-03-22 10:34:39,2022-03-22 10:34:39,2022-03-22 11:14:33,2022-03-22 11:14:33
7007538521,ชม.70-5991,2022-03-22 12:05:35,2022-03-22 12:05:35,2022-03-22 12:55:16,2022-03-22 12:55:16
7007538511,ชม.70-6755,2022-03-22 12:19:24,2022-03-22 12:19:24,2022-03-22 13:08:52,2022-03-22 13:08:52
7007531556,กท.60-4207,2022-03-22 12:55:23,2022-03-22 12:55:23,2022-03-22 13:42:15,2022-03-22 13:42:15
7007539721,กท.78-4646,2022-03-22 15:21:42,2022-03-22 15:21:42,2022-03-22 16:11:42,2022-03-22 16:11:42
7007542993,สค.70-6119,2022-03-23 01:01:44,2022-03-23 01:01:44,2022-03-23 01:37:22,2022-03-23 01:37:22
7007543033,สค.70-3937,2022-03-23 01:18:26,2022-03-23 01:18:26,2022-03-23 02:06:10,2022-03-23 02:06:10
7007543167,สค.70-4335,2022-03-23 06:59:37,2022-03-23 06:59:37,2022-03-23 07:47:45,2022-03-23 07:47:45
7007539482,กท.60-4205,2022-03-23 09:37:06,2022-03-23 09:37:06,2022-03-23 10:27:03,2022-03-23 10:27:03
7007539425,กท.60-4207,2022-03-23 10:18:38,2022-03-23 10:18:38,2022-03-23 11:05:40,2022-03-23 11:05:40
7007539478,กท.75-1033,2022-03-23 12:25:50,2022-03-23 12:25:50,2022-03-23 13:15:39,2022-03-23 13:15:39
7007545803,กท.79-2159,2022-03-23 12:34:16,2022-03-23 12:34:16,2022-03-23 13:23:52,2022-03-23 13:23:52
7007545704,ชม.70-5995,2022-03-23 13:07:35,2022-03-23 13:15:39,2022-03-23 14:02:37,2022-03-23 14:02:37
7007545660,ชม.70-5993,2022-03-23 13:38:15,2022-03-23 13:38:15,2022-03-23 14:27:47,2022-03-23 14:27:47
7007545574,กท.60-4207,2022-03-23 17:36:18,2022-03-23 17:36:18,2022-03-23 18:26:15,2022-03-23 18:26:15
7007548320,สค.70-6119,2022-03-24 00:41:09,2022-03-24 00:41:09,2022-03-24 01:27:07,2022-03-24 01:27:07
7007548380,สค.70-5407,2022-03-24 02:50:59,2022-03-24 02:50:59,2022-03-24 03:40:29,2022-03-24 03:40:29
7007545719,กท.76-4825,2022-03-24 05:27:05,2022-03-24 05:27:05,2022-03-24 06:08:35,2022-03-24 06:08:35
7007545640,กท.75-1033,2022-03-24 06:28:23,2022-03-24 06:28:23,2022-03-24 07:16:08,2022-03-24 07:16:08
7007548459,สค.70-6124,2022-03-24 07:06:06,2022-03-24 07:06:06,2022-03-24 07:48:04,2022-03-24 07:48:04
7007548493,สค.70-3935,2022-03-24 08:23:48,2022-03-24 08:23:48,2022-03-24 09:11:37,2022-03-24 09:11:37
7007545599,กท.60-4205,2022-03-24 09:26:19,2022-03-24 09:26:19,2022-03-24 10:15:40,2022-03-24 10:15:40
7007549013,ชบ.71-8902,2022-03-24 10:15:24,2022-03-24 10:15:24,2022-03-24 11:02:34,2022-03-24 11:02:34
7007545576,กท.60-4208,2022-03-24 10:21:45,2022-03-24 10:21:45,2022-03-24 11:11:42,2022-03-24 11:11:42
7007549172,กท.74-8931,2022-03-24 10:32:42,2022-03-24 11:02:34,2022-03-24 11:52:25,2022-03-24 11:52:25
7007549261,กท.76-4900,2022-03-24 10:37:51,2022-03-24 11:11:42,2022-03-24 12:00:24,2022-03-24 12:00:24
7007549282,กท.60-1462,2022-03-24 10:45:56,2022-03-24 11:52:25,2022-03-24 12:31:07,2022-03-24 12:31:07
7007549208,กท.74-8933,2022-03-24 11:11:06,2022-03-24 12:00:24,2022-03-24 12:48:22,2022-03-24 12:48:22
7007549306,กท.60-1463,2022-03-24 11:16:36,2022-03-24 12:31:07,2022-03-24 13:11:50,2022-03-24 13:11:50
7007549601,กท.78-4646,2022-03-24 11:31:23,2022-03-24 12:48:22,2022-03-24 13:23:55,2022-03-24 13:23:55
7007551244,กท.74-8933,2022-03-24 13:04:07,2022-03-24 13:11:50,2022-03-24 14:01:48,2022-03-24 14:01:48
7007551254,กท.76-4900,2022-03-24 13:17:13,2022-03-24 13:23:55,2022-03-24 14:13:51,2022-03-24 14:13:51
7007551259,กท.60-1462,2022-03-24 13:53:17,2022-03-24 14:01:48,2022-03-24 14:37:05,2022-03-24 14:37:05
7007551208,กท.74-8931,2022-03-24 14:00:24,2022-03-24 14:13:51,2022-03-24 15:03:37,2022-03-24 15:03:37
7007551267,กท.60-1463,2022-03-24 14:02:30,2022-03-24 14:37:05,2022-03-24 15:23:59,2022-03-24 15:23:59
7007551271,กท.61-6471,2022-03-24 14:34:49,2022-03-24 15:03:37,2022-03-24 15:53:06,2022-03-24 15:53:06
7007551268,กท.61-6634,2022-03-24 14:38:17,2022-03-24 15:23:59,2022-03-24 16:09:43,2022-03-24 16:09:43
7007551283,นม.70-6920,2022-03-24 14:44:18,2022-03-24 15:53:06,2022-03-24 16:37:16,2022-03-24 16:37:16
7007554652,สค.70-5407,2022-03-25 00:23:52,2022-03-25 00:23:52,2022-03-25 01:10:46,2022-03-25 01:10:46
7007554650,สค.70-6119,2022-03-25 00:50:51,2022-03-25 00:50:51,2022-03-25 01:40:51,2022-03-25 01:40:51
7007551747,กท.60-4207,2022-03-25 06:36:45,2022-03-25 06:36:45,2022-03-25 07:26:02,2022-03-25 07:26:02
7007551877,กท.60-4205,2022-03-25 06:51:49,2022-03-25 06:51:49,2022-03-25 07:40:28,2022-03-25 07:40:28
7007554836,สค.70-4335,2022-03-25 06:55:30,2022-03-25 07:26:02,2022-03-25 08:16:00,2022-03-25 08:16:00
7007555230,สค.70-6124,2022-03-25 09:24:13,2022-03-25 09:24:13,2022-03-25 10:14:13,2022-03-25 10:14:13
7007551963,กท.75-1033,2022-03-25 10:01:41,2022-03-25 10:01:41,2022-03-25 10:42:28,2022-03-25 10:42:28
7007556735,กท.78-4646,2022-03-25 12:55:42,2022-03-25 12:55:42,2022-03-25 13:44:39,2022-03-25 13:44:39
7007551876,กท.60-4207,2022-03-25 13:23:39,2022-03-25 13:23:39,2022-03-25 14:13:12,2022-03-25 14:13:12
7007557732,ชม.70-5993,2022-03-25 17:26:28,2022-03-25 17:26:28,2022-03-25 18:14:55,2022-03-25 18:14:55
7007558087,สค.70-6119,2022-03-26 00:46:29,2022-03-26 00:46:29,2022-03-26 01:13:30,2022-03-26 01:13:30
7007558084,สค.70-3936,2022-03-26 00:37:49,2022-03-26 00:37:49,2022-03-26 01:23:26,2022-03-26 01:23:26
7007558091,สค.70-3665,2022-03-26 01:17:27,2022-03-26 01:17:27,2022-03-26 02:07:26,2022-03-26 02:07:26
7007558121,สค.70-5407,2022-03-26 02:31:03,2022-03-26 02:31:03,2022-03-26 03:12:58,2022-03-26 03:12:58
7007556418,กท.76-4825,2022-03-26 06:41:21,2022-03-26 06:41:21,2022-03-26 07:21:55,2022-03-26 07:21:55
7007558242,สค.70-3480,2022-03-26 06:54:10,2022-03-26 06:54:10,2022-03-26 07:43:44,2022-03-26 07:43:44
7007558262,สค.70-4335,2022-03-26 08:02:14,2022-03-26 08:02:14,2022-03-26 08:51:28,2022-03-26 08:51:28
7007558284,สค.70-3890,2022-03-26 08:10:20,2022-03-26 08:10:20,2022-03-26 09:00:14,2022-03-26 09:00:14
7007558445,สค.70-6124,2022-03-26 10:28:59,2022-03-26 10:28:59,2022-03-26 11:17:04,2022-03-26 11:17:04
7007556475,กท.76-4825,2022-03-26 14:40:29,2022-03-26 14:40:29,2022-03-26 15:24:57,2022-03-26 15:24:57
7007558736,สค.70-4386,2022-03-26 15:29:59,2022-03-26 15:29:59,2022-03-26 16:19:58,2022-03-26 16:19:58
7007558955,สค.70-6119,2022-03-27 00:52:09,2022-03-27 00:52:09,2022-03-27 01:26:11,2022-03-27 01:26:11
7007558974,สค.70-3937,2022-03-27 01:08:54,2022-03-27 01:08:54,2022-03-27 01:58:07,2022-03-27 01:58:07
7007559018,สค.70-4335,2022-03-27 03:04:30,2022-03-27 03:04:30,2022-03-27 03:48:55,2022-03-27 03:48:55
7007559022,สค.70-5407,2022-03-27 03:15:19,2022-03-27 03:15:19,2022-03-27 04:04:50,2022-03-27 04:04:50
7007559101,สค.70-6124,2022-03-27 06:41:34,2022-03-27 06:41:34,2022-03-27 07:27:04,2022-03-27 07:27:04
7007556549,กท.60-4205,2022-03-27 06:48:21,2022-03-27 06:48:21,2022-03-27 07:38:12,2022-03-27 07:38:12
7007559093,กท.78-4646,2022-03-27 06:54:25,2022-03-27 07:27:04,2022-03-27 08:07:31,2022-03-27 08:07:31
7007559169,สค.70-3935,2022-03-27 07:26:36,2022-03-27 07:38:12,2022-03-27 08:27:05,2022-03-27 08:27:05
7007556500,กท.60-4207,2022-03-27 08:33:18,2022-03-27 08:33:18,2022-03-27 09:22:53,2022-03-27 09:22:53
7007557486,กท.60-4208,2022-03-27 10:48:15,2022-03-27 10:48:15,2022-03-27 11:38:11,2022-03-27 11:38:11
7007561294,กท.76-4829,2022-03-27 11:01:22,2022-03-27 11:01:22,2022-03-27 11:51:20,2022-03-27 11:51:20
7007561330,กท.60-1460,2022-03-27 11:26:03,2022-03-27 11:38:11,2022-03-27 12:14:18,2022-03-27 12:14:18
7007561229,กท.74-8932,2022-03-27 11:28:17,2022-03-27 11:51:20,2022-03-27 12:37:09,2022-03-27 12:37:09
7007561367,กท.74-2888,2022-03-27 11:38:41,2022-03-27 12:14:18,2022-03-27 13:04:18,2022-03-27 13:04:18
7007563408,สบ.71-0408,2022-03-27 12:12:55,2022-03-27 12:37:09,2022-03-27 13:27:08,2022-03-27 13:27:08
7007565243,ชบ.71-4793,2022-03-27 12:57:22,2022-03-27 13:04:18,2022-03-27 13:54:09,2022-03-27 13:54:09
7007565176,ชบ.71-4792,2022-03-27 13:22:46,2022-03-27 13:27:08,2022-03-27 14:08:56,2022-03-27 14:08:56
7007568937,นม.70-6920,2022-03-27 16:04:30,2022-03-27 16:04:30,2022-03-27 16:48:52,2022-03-27 16:48:52
7007568979,กท.79-7787,2022-03-27 16:54:12,2022-03-27 16:54:12,2022-03-27 17:42:42,2022-03-27 17:42:42
7007569005,กท.79-7784,2022-03-27 17:02:21,2022-03-27 17:02:21,2022-03-27 17:49:59,2022-03-27 17:49:59
7007574371,สค.70-4386,2022-03-28 00:39:06,2022-03-28 00:39:06,2022-03-28 01:28:37,2022-03-28 01:28:37
7007574370,สค.70-6119,2022-03-28 00:44:13,2022-03-28 00:44:13,2022-03-28 01:33:53,2022-03-28 01:33:53
7007574405,สค.70-6124,2022-03-28 01:26:44,2022-03-28 01:28:37,2022-03-28 02:04:07,2022-03-28 02:04:07
7007574430,สค.70-5407,2022-03-28 01:56:11,2022-03-28 01:56:11,2022-03-28 02:45:47,2022-03-28 02:45:47
7007565639,กท.76-4825,2022-03-28 04:11:30,2022-03-28 04:11:30,2022-03-28 05:01:19,2022-03-28 05:01:19
7007574601,กท.78-4646,2022-03-28 06:41:57,2022-03-28 06:41:57,2022-03-28 07:23:18,2022-03-28 07:23:18
7007570587,กท.60-4207,2022-03-28 07:30:05,2022-03-28 07:30:05,2022-03-28 08:18:53,2022-03-28 08:18:53
7007574949,นม.70-6730,2022-03-28 08:50:20,2022-03-28 08:50:20,2022-03-28 09:32:55,2022-03-28 09:32:55
7007575482,นม.70-6720,2022-03-28 09:27:08,2022-03-28 09:27:08,2022-03-28 10:11:31,2022-03-28 10:11:31
7007564985,กท.75-1033,2022-03-28 09:35:34,2022-03-28 09:35:34,2022-03-28 10:14:39,2022-03-28 10:14:39
7007565247,กท.60-4208,2022-03-28 10:09:54,2022-03-28 10:11:31,2022-03-28 10:52:32,2022-03-28 10:52:32
7007577419,กท.74-1615,2022-03-28 10:13:16,2022-03-28 10:14:39,2022-03-28 11:04:16,2022-03-28 11:04:16
7007577390,กท.75-4314,2022-03-28 10:20:21,2022-03-28 10:52:32,2022-03-28 11:42:24,2022-03-28 11:42:24
7007577360,กท.75-1034,2022-03-28 10:36:50,2022-03-28 11:04:16,2022-03-28 11:53:48,2022-03-28 11:53:48
7007578880,กท.62-1291,2022-03-28 12:12:57,2022-03-28 12:12:57,2022-03-28 12:45:54,2022-03-28 12:45:54
7007577454,กท.76-2788,2022-03-28 12:23:52,2022-03-28 12:23:52,2022-03-28 13:12:11,2022-03-28 13:12:11
7007579067,นม.70-7502,2022-03-28 12:37:56,2022-03-28 12:45:54,2022-03-28 13:33:52,2022-03-28 13:33:52
7007579134,ชม.70-6755,2022-03-28 12:53:30,2022-03-28 13:12:11,2022-03-28 13:59:59,2022-03-28 13:59:59
7007579046,นม.70-5975,2022-03-28 13:05:07,2022-03-28 13:33:52,2022-03-28 14:23:33,2022-03-28 14:23:33
7007579563,ชบ.71-8902,2022-03-28 14:26:01,2022-03-28 14:26:01,2022-03-28 15:15:57,2022-03-28 15:15:57
7007579696,ฉช.82-4812,2022-03-28 16:02:00,2022-03-28 16:02:00,2022-03-28 16:50:22,2022-03-28 16:50:22
7007579522,กท.60-4208,2022-03-28 17:38:51,2022-03-28 17:38:51,2022-03-28 18:26:00,2022-03-28 18:26:00
7007583614,สค.70-6124,2022-03-29 00:46:22,2022-03-29 00:46:22,2022-03-29 01:35:18,2022-03-29 01:35:18
7007583610,สค.70-6119,2022-03-29 01:10:10,2022-03-29 01:10:10,2022-03-29 01:56:34,2022-03-29 01:56:34
7007583636,สค.70-3665,2022-03-29 02:06:30,2022-03-29 02:06:30,2022-03-29 02:52:59,2022-03-29 02:52:59
7007583694,สค.70-5407,2022-03-29 03:48:34,2022-03-29 03:48:34,2022-03-29 04:38:23,2022-03-29 04:38:23
7007583699,สค.70-4335,2022-03-29 04:09:08,2022-03-29 04:09:08,2022-03-29 04:51:35,2022-03-29 04:51:35
7007583708,กท.61-6634,2022-03-29 04:25:01,2022-03-29 04:38:23,2022-03-29 05:26:03,2022-03-29 05:26:03
7007579487,กท.75-1033,2022-03-29 04:43:44,2022-03-29 04:51:35,2022-03-29 05:41:35,2022-03-29 05:41:35
7007579508,กท.60-4207,2022-03-29 08:39:09,2022-03-29 08:39:09,2022-03-29 09:29:04,2022-03-29 09:29:04
7007579523,กท.76-4825,2022-03-29 09:13:33,2022-03-29 09:13:33,2022-03-29 10:03:32,2022-03-29 10:03:32
7007584466,นม.70-6730,2022-03-29 09:30:13,2022-03-29 09:30:13,2022-03-29 10:19:10,2022-03-29 10:19:10
7007586977,ชม.70-5997,2022-03-29 11:59:44,2022-03-29 11:59:44,2022-03-29 12:40:41,2022-03-29 12:40:41
7007586958,ชม.70-6753,2022-03-29 12:21:50,2022-03-29 12:21:50,2022-03-29 13:11:43,2022-03-29 13:11:43
7007587625,นม.70-8647,2022-03-29 13:36:18,2022-03-29 13:36:18,2022-03-29 14:25:37,2022-03-29 14:25:37
7007587951,กท.60-2722,2022-03-29 14:39:49,2022-03-29 14:39:49,2022-03-29 15:27:28,2022-03-29 15:27:28
7007587887,นม.70-7497,2022-03-29 14:52:13,2022-03-29 14:52:13,2022-03-29 15:42:12,2022-03-29 15:42:12
7007587936,กท.79-7786,2022-03-29 15:02:21,2022-03-29 15:27:28,2022-03-29 16:15:42,2022-03-29 16:15:42
7007587926,นม.70-6720,2022-03-29 15:08:40,2022-03-29 15:42:12,2022-03-29 16:26:52,2022-03-29 16:26:52
7007587915,นม.70-7501,2022-03-29 15:12:03,2022-03-29 16:15:42,2022-03-29 17:05:41,2022-03-29 17:05:41
7007589276,นม.70-6719,2022-03-29 16:36:41,2022-03-29 16:36:41,2022-03-29 17:26:21,2022-03-29 17:26:21
7007589862,นม.70-7498,2022-03-29 16:46:32,2022-03-29 17:05:41,2022-03-29 17:53:59,2022-03-29 17:53:59
7007593378,สค.70-6119,2022-03-30 00:57:10,2022-03-30 00:57:10,2022-03-30 01:34:41,2022-03-30 01:34:41
7007593383,นม.70-7496,2022-03-30 01:16:36,2022-03-30 01:16:36,2022-03-30 01:59:37,2022-03-30 01:59:37
7007587077,กท.75-1033,2022-03-30 06:27:00,2022-03-30 06:27:00,2022-03-30 07:03:17,2022-03-30 07:03:17
7007593584,สค.70-4335,2022-03-30 07:18:20,2022-03-30 07:18:20,2022-03-30 08:06:03,2022-03-30 08:06:03
7007593577,ชม.70-5993,2022-03-30 07:17:17,2022-03-30 07:17:17,2022-03-30 08:07:01,2022-03-30 08:07:01
7007593576,ชม.70-5995,2022-03-30 07:25:34,2022-03-30 08:06:03,2022-03-30 08:55:22,2022-03-30 08:55:22
7007587130,กท.60-4205,2022-03-30 09:10:30,2022-03-30 09:10:30,2022-03-30 09:52:14,2022-03-30 09:52:14
7007594162,กท.78-4646,2022-03-30 10:44:43,2022-03-30 10:44:43,2022-03-30 11:19:19,2022-03-30 11:19:19
7007594210,สค.70-5407,2022-03-30 11:03:11,2022-03-30 11:03:11,2022-03-30 11:52:40,2022-03-30 11:52:40
7007594518,นม.70-6721,2022-03-30 12:37:38,2022-03-30 12:37:38,2022-03-30 13:26:16,2022-03-30 13:26:16
7007594727,ชม.70-5991,2022-03-30 14:12:11,2022-03-30 14:12:11,2022-03-30 15:00:44,2022-03-30 15:00:44
7007594324,กท.75-1033,2022-03-30 15:04:00,2022-03-30 15:04:00,2022-03-30 15:52:58,2022-03-30 15:52:58
7007595252,ชม.70-6751,2022-03-30 15:52:07,2022-03-30 15:52:07,2022-03-30 16:36:41,2022-03-30 16:36:41
7007596162,สค.70-6119,2022-03-31 00:23:46,2022-03-31 00:23:46,2022-03-31 01:06:52,2022-03-31 01:06:52
7007596166,สค.70-4333,2022-03-31 00:31:53,2022-03-31 00:31:53,2022-03-31 01:17:58,2022-03-31 01:17:58
7007596164,สค.70-4386,2022-03-31 00:41:58,2022-03-31 01:06:52,2022-03-31 01:52:53,2022-03-31 01:52:53
7007596169,สค.70-6124,2022-03-31 01:05:21,2022-03-31 01:17:58,2022-03-31 02:06:37,2022-03-31 02:06:37
7007596170,นม.70-5975,2022-03-31 01:22:34,2022-03-31 01:52:53,2022-03-31 02:28:51,2022-03-31 02:28:51
7007596174,นม.70-7498,2022-03-31 01:38:17,2022-03-31 02:06:37,2022-03-31 02:56:36,2022-03-31 02:56:36
7007596183,นม.70-7502,2022-03-31 01:46:31,2022-03-31 02:28:51,2022-03-31 03:18:41,2022-03-31 03:18:41
7007594328,กท.76-4825,2022-03-31 02:14:28,2022-03-31 02:56:36,2022-03-31 03:41:45,2022-03-31 03:41:45
7007596249,นม.70-6719,2022-03-31 03:35:06,2022-03-31 03:35:06,2022-03-31 04:21:25,2022-03-31 04:21:25
7007594304,กท.60-4207,2022-03-31 06:25:02,2022-03-31 06:25:02,2022-03-31 07:09:17,2022-03-31 07:09:17
7007596363,สค.70-4335,2022-03-31 07:05:37,2022-03-31 07:05:37,2022-03-31 07:51:26,2022-03-31 07:51:26
7007596387,สค.70-3935,2022-03-31 07:32:00,2022-03-31 07:32:00,2022-03-31 08:05:41,2022-03-31 08:05:41
7007596441,ชร.70-6493,2022-03-31 07:46:55,2022-03-31 07:51:26,2022-03-31 08:41:20,2022-03-31 08:41:20
7007596631,กท.61-6634,2022-03-31 08:44:49,2022-03-31 08:44:49,2022-03-31 09:31:23,2022-03-31 09:31:23
7007594326,กท.76-4825,2022-03-31 09:41:31,2022-03-31 09:41:31,2022-03-31 10:31:26,2022-03-31 10:31:26
7007596977,สค.70-3893,2022-03-31 09:52:52,2022-03-31 09:52:52,2022-03-31 10:42:37,2022-03-31 10:42:37
7007597781,สค.70-5407,2022-03-31 12:03:59,2022-03-31 12:03:59,2022-03-31 12:53:29,2022-03-31 12:53:29
7007598703,ชม.70-6755,2022-03-31 14:05:28,2022-03-31 14:05:28,2022-03-31 14:49:04,2022-03-31 14:49:04
7007594313,กท.75-1033,2022-03-31 14:48:46,2022-03-31 14:48:46,2022-03-31 15:38:23,2022-03-31 15:38:23
